Output,Model,Mean_R2,Std_R2,Min_R2,Max_R2,CV_R2_%,Mean_RMSE,Std_RMSE,Min_RMSE,Max_RMSE,CV_RMSE_%,Mean_MAE,Std_MAE,Min_MAE,Max_MAE,CV_MAE_%,Mean_MSE,Std_MSE,Min_MSE,Max_MSE
tmp,Linear Regression,0.5101247994274224,0.015182267349293937,0.48204675548247156,0.5324223837303992,2.9761868794332127,0.06291279220628324,0.0012617675607657496,0.06118319144482572,0.06543603783915251,2.0055818801183873,0.044717055374845785,0.0009088657718638041,0.04318969684096056,0.04640227718520979,2.0324812630105757,0.003959531877699502,0.00015945072393801208,0.0037433829153741957,0.004281875048086999
tmp,Ridge Regression,0.5101250685377454,0.015169623888832307,0.48207150160939083,0.5324017655338875,2.973706807296389,0.06291279636740273,0.0012616469238001683,0.061184424874460616,0.06543573560526855,2.005389994799008,0.044717203490415004,0.0009086084420544778,0.043190692072040994,0.0464025459606665,2.0318990704533553,0.003959532112078599,0.0001594359395633769,0.003743533847218515,0.004281835494202611
tmp,Lasso Regression,0.43673820677496666,0.010218061523604587,0.41758300824191075,0.45193104762962877,2.3396307822616347,0.06746987984422963,0.0013011031288758025,0.06488229104691075,0.07023108179706813,1.9284206995472803,0.04911543604211875,0.0007949452518157077,0.047869480296981744,0.0510241690800064,1.618524268285037,0.0045537929120791545,0.00017615105186726207,0.004209711691496035,0.004932404850386475
tmp,ElasticNet,0.4786638353675431,0.010292066688711908,0.45908492837692094,0.4915738456412152,2.1501659261157933,0.06490959522143704,0.0012623119042158625,0.06246916472557258,0.06739250989885215,1.9447231182223912,0.04670257921525588,0.000780465693123426,0.04520282242370828,0.04847718731085307,1.671140451421747,0.00421476931158715,0.0001644284935783302,0.003902396541510722,0.004541750390466885
tmp,Decision Tree,0.9439356958561967,0.010279558399749384,0.9283791085042167,0.9590044208509724,1.089010453241236,0.021194463239929736,0.0019425059278180444,0.01791395427900845,0.024108662031594078,9.165157455643515,0.009876722752349259,0.0006127825927482911,0.00893188569166113,0.010969886994747382,6.204310965421559,0.0004527899348443608,8.12582248478467e-05,0.0003209097579104052,0.0005812275849536258
tmp,Random Forest,0.9747674529237418,0.004141949220639435,0.967639257680462,0.9826639732873257,0.4249166514757925,0.014238508176336633,0.0012499316918190586,0.011698660402230344,0.016267065062518418,8.778529859584266,0.006406493834682875,0.00035284647770944413,0.005692698405,0.006977869468439768,5.507637825220981,0.00020421932786010813,3.542202699179031e-05,0.00013685865520671222,0.0002646174057482073
tmp,Extra Trees,0.9866047271580903,0.002588047260155087,0.9804140199899636,0.9901206417942764,0.26231855462622233,0.010371108576723282,0.0011068544104835807,0.008831321931386823,0.012655305091766397,10.672479246507779,0.005067500516786648,0.0003472531041961575,0.004537869596284472,0.005720488848867927,6.852551924678522,0.00010872376346188979,2.3705972331694453e-05,7.799224705579388e-05,0.0001601567469656885
tmp,Gradient Boosting,0.9268105221152295,0.005902256621570361,0.9171744087277698,0.9381005074867472,0.6368353056782127,0.02430769757462759,0.0011828961683285186,0.022348163677269196,0.026809719361075127,4.8663439418599115,0.014781679862894512,0.0004194736324150606,0.014211090902563516,0.01549563487276024,2.8377940552483345,0.00059219344255735,5.802117350152683e-05,0.0004994404197460142,0.0007187610522196066
tmp,AdaBoost,0.7425797178438641,0.02134066189902824,0.6885202030480149,0.7760300552297282,2.8738546699056706,0.04557021162107951,0.0018749535218668897,0.04295222711227285,0.050468750818217785,4.114427945731962,0.0403808138058228,0.0018890376826507535,0.03763402388708946,0.044851467029944615,4.678057484761141,0.002079983865363673,0.00017321602585183282,0.0018448938139042673,0.002547094809151358
tmp,Hist Gradient Boosting,0.9703469179601459,0.004450681574583109,0.9595464782769293,0.9760310472115613,0.45866911021259177,0.015449810546942014,0.0012744741890255123,0.013755800871236836,0.01818771473195712,8.24912503071288,0.008191046133242466,0.00040679886357487013,0.0074344499776376775,0.008863834542834178,4.966384720065504,0.0002402397161719683,4.045805811976001e-05,0.00018922205760912012,0.00033079296717105006
tmp,KNN,0.9638037711609877,0.006826422788985882,0.9438222050386407,0.9736027843592772,0.7082793192189782,0.017046081879983063,0.0016841791583713749,0.01467824216406371,0.021513752329209747,9.880154103618844,0.007746348677539915,0.0006006996802574801,0.006990986361828737,0.00947236986037736,7.754617113985248,0.0002932635439247048,6.018484196914153e-05,0.00021545079302689768,0.00046284153928257787
tmp,SVR,0.8789896222373466,0.009273601317872976,0.8534100461300123,0.8916275010960747,1.0550296708018356,0.03125141740063872,0.0012625936867826854,0.029834007012367363,0.03475248978689586,4.040116550863643,0.01614988392203396,0.0005961953302843569,0.015026428203517706,0.017370053085660454,3.691638485840402,0.000978165525225953,8.05678115078769e-05,0.0008900679744139851,0.0012077355463883009
tmp,Bagging,0.9746808544475251,0.004195608333424009,0.9676916496525768,0.9822747876930092,0.4304597052747272,0.014261675132952487,0.001249218132086719,0.011829246266732025,0.01623734297406851,8.75926649878823,0.006410476738742019,0.00035737570031223447,0.005699022662380262,0.006944091602844705,5.574869309678912,0.0002048778962423329,3.5515955091116534e-05,0.00013993106723899357,0.0002636513068575321
tmp,MLP Neural Network,0.9461973206056029,0.0068814405727446615,0.9332859506610198,0.9583182653111275,0.7272733100047539,0.02081406552824803,0.0014161926248642005,0.018139873027098918,0.02313678507141238,6.804017326370956,0.010947111993311307,0.000777309851114341,0.009592106389469973,0.012336662211586065,7.100592846672966,0.0004351306452873865,5.862036908901233e-05,0.0003290549934392708,0.0005353108234407307
tmp,XGBoost,0.9708652874555661,0.004450324507064226,0.9619209543350731,0.9777564796122453,0.4583874369149186,0.015301360713419254,0.0011610943235625742,0.01340801906954723,0.01764586668694535,7.588176929547824,0.0075368844001432855,0.00027059352200811416,0.00690304801464616,0.007964988000040323,3.590257029854005,0.00023541237270896902,3.564740434957506e-05,0.00017977497536934213,0.00031137661113344765
tmp,LightGBM,0.9712269020580646,0.0038594220075810043,0.9623691060627598,0.9771792825679108,0.3973759375283727,0.015225236761830274,0.0011469343084318574,0.013422270815227136,0.0175417223892719,7.533113122465367,0.008101482940002756,0.0003425728798268883,0.007458955806096081,0.008688609938967907,4.228520659290208,0.00023305751984625326,3.5569666997461756e-05,0.00018015735383729813,0.00030771202438228306
flow,Linear Regression,0.4760495661821301,0.01710369938060113,0.4396944207050104,0.5101346626622929,3.5928400308755846,0.1856152636453255,0.003264143094260842,0.17853824207985805,0.19111051776189325,1.758553165378674,0.14619842739748098,0.0022040075594043297,0.14024400223896877,0.14965911549224142,1.5075453263338625,0.03446314799675653,0.0012108064343409842,0.03187590388496599,0.03652322999921892
flow,Ridge Regression,0.4760548831453253,0.017100541164749045,0.43971072112742915,0.5101157086083348,3.5921364889200733,0.18561435487934572,0.003265089350574507,0.17854169608086887,0.19111488443887129,1.759071572183575,0.1461910118901017,0.00220443313811935,0.14023968990229993,0.14965158132889114,1.5079129076529827,0.03446281650531956,0.0012111709941865821,0.03187713723943334,0.036524899054083126
flow,Lasso Regression,0.39785003546602965,0.012630044139756724,0.36913437889864764,0.4158372924117456,3.174574089194756,0.19901546677553528,0.0035390969784386108,0.19382363347111642,0.20760273419522773,1.778302478585884,0.15652838992034385,0.002416043803745604,0.15225899103553647,0.16188165511573666,1.5435179554169765,0.03961905496293585,0.0014152633162126146,0.037567600891945684,0.04309889524533438
flow,ElasticNet,0.4399814998801926,0.015685488847740788,0.40524274169635877,0.46335058006768504,3.565033723466092,0.1919158462178901,0.003675738331747284,0.18653458276798018,0.1999629666101001,1.9152865196832494,0.14950926472688744,0.002406299972835192,0.14547750989469146,0.15453629627966856,1.609465458365302,0.036844527529198146,0.0014171434775623656,0.03479515056842445,0.039985188015512006
flow,Decision Tree,0.7824493656063223,0.02524233507199174,0.7325329074671649,0.8368806537000347,3.226066271065525,0.11941508535865004,0.00682772046576412,0.10400803472796885,0.13173432752180847,5.71763646549162,0.08686004507171054,0.003801834361224139,0.07576888027965593,0.09148977169244948,4.376965678621734,0.01430424948963436,0.0016242529054916316,0.010817671287974374,0.017353933047623102
flow,Random Forest,0.8978334730567374,0.007025704986789416,0.8774471511688403,0.906467863569502,0.7825176046143509,0.08193073026498564,0.0028266262538078446,0.07692526275340683,0.08884542396705677,3.4500196015167788,0.06252736276484834,0.0014640493393893064,0.06039673283355588,0.06557253200375181,2.3414538446076385,0.006720234886933614,0.0004677154054248787,0.005917496049680681,0.007893509359886065
flow,Extra Trees,0.923964067567914,0.005263256408044739,0.9128818037736166,0.9341967975782057,0.5696386464355524,0.07068531729831239,0.0026779088921875488,0.06699951139943228,0.07591236830672018,3.788493840787334,0.0549847737554619,0.0011490664591399722,0.05306059373745284,0.05771898103137156,2.089790283125117,0.005003226717796216,0.0003834040980633816,0.004488934527762655,0.005762687661935136
flow,Gradient Boosting,0.8127265209124003,0.009365889531391624,0.7935611823757159,0.8292603415152418,1.1524035810812585,0.11094396834229062,0.0025286934429027542,0.10689147424697507,0.11623636277460248,2.279252744142959,0.08688249616098268,0.0017113929128707915,0.08392231331875878,0.09078482254303882,1.9697787108922251,0.012314638687536945,0.000564699969989505,0.011425787266691734,0.013510892031068993
flow,AdaBoost,0.6859363491562857,0.017016608730109455,0.6515560287850295,0.713396734094605,2.4807853893499296,0.14367123899614861,0.003833616696340367,0.13815642117802696,0.15246448940273255,2.6683257714810513,0.11554887200942421,0.003086127788242646,0.11100300558965044,0.12396938128258736,2.6708419862298096,0.020655386700814196,0.001110088651184629,0.019087196712720373,0.02324542052883595
flow,Hist Gradient Boosting,0.8869169975547802,0.00756147616124402,0.8725272757761052,0.9012143437896089,0.8525573624240963,0.08620050533707782,0.0030317860604778327,0.08127224547631844,0.09171788119869762,3.517132583645953,0.06662543131687744,0.0018247273014095312,0.06393752834798523,0.07035280478023437,2.738784973459968,0.007439259260748262,0.0005236579556384933,0.006605177884762962,0.00841216973157841
flow,KNN,0.8870646228331885,0.005373813340683094,0.8794730200919603,0.8979156011045112,0.605797278164438,0.08616829288266749,0.0023874564017096417,0.08252431235992899,0.0913499238072712,2.7706901481274118,0.06518649829629172,0.0012722036792329596,0.06315710800101597,0.06739042552075472,1.9516367844310663,0.007430389648979727,0.0004138318944540858,0.006810262130479129,0.008344808579594253
flow,SVR,0.7657752202487653,0.011435418931350243,0.7457474223859806,0.784868059835882,1.4933127409940736,0.1240915906557927,0.003456445851374349,0.12015637522964215,0.1330108412515484,2.7853989404986317,0.0934208129148255,0.002117548729863402,0.09093716374274134,0.09810359869385947,2.2666776961082893,0.015410072538512126,0.0008693496478766469,0.01443755450832656,0.017691883890444616
flow,Bagging,0.8979322147463698,0.007076505237286409,0.8774207390972055,0.9071103270732946,0.7880890251036644,0.08188938195000409,0.0028192349618663104,0.07714683034495222,0.08885499724628432,3.4427356694272495,0.06252924624183563,0.0014207074714487399,0.060308121589463005,0.06558160620198113,2.2720687627579386,0.006713421557635359,0.0004666509070708812,0.0059516334322728395,0.007895210535637194
flow,MLP Neural Network,0.8491681388541158,0.009151373817642453,0.8352874064847708,0.8664763530910409,1.0776869030898282,0.099555952242224,0.0030295929342048456,0.09328777673505662,0.10350874394982111,3.043105777175144,0.07683286399153078,0.0023888178964734737,0.07190629105349627,0.07995040748262557,3.109109529923017,0.009920107138535621,0.000597867041379915,0.008702609288169771,0.010714060074069628
flow,XGBoost,0.8897188582478497,0.006384831940765571,0.8783925858206431,0.9042796386863295,0.7176235370956859,0.08513895646100669,0.002743665712970955,0.0808072421917393,0.09050647888492962,3.2225738099427415,0.06551530586227879,0.0014237699886200477,0.0627939532574564,0.06758425586648037,2.1731868147162237,0.0072557932237365,0.00047060079296765714,0.0065298103906344124,0.00819142272014821
flow,LightGBM,0.8868654086058603,0.0064953104980754245,0.8741497090979462,0.8984041706115337,0.7323896540610327,0.08623473071556678,0.0027503428532615394,0.08101388944657291,0.09052910031645212,3.1893679384622433,0.06671930562271086,0.001629781833352736,0.06393386887372414,0.07000769432220481,2.4427439976203345,0.00744361494810628,0.0004749758731587128,0.006563250283261538,0.00819551800410625
lv,Linear Regression,0.19247765639404874,0.01429224466636079,0.164394278385531,0.2143128523789818,7.425404555581807,0.9953323195907142,0.034800609748329527,0.905121638213132,1.0489249388324724,3.4963809637608994,0.7023251295702951,0.012806062399415372,0.6714917977827012,0.7271596990581436,1.823380918642414,0.9918369547387439,0.06848712940261417,0.8192451799616238,1.1002435273047058
lv,Ridge Regression,0.19249249156142056,0.01428362166763708,0.1644419083557912,0.21433884343843035,7.420352633899727,0.9953233277323911,0.03480215437336312,0.9051066670729411,1.0489071515178177,3.4965677387117617,0.7023365896501235,0.012801632275929469,0.6715178522348318,0.7271742720639334,1.8227203971114108,0.9918191571798569,0.06848933457807643,0.8192180787798878,1.1002062125052219
lv,Lasso Regression,0.11598882062605138,0.004880903885092853,0.10749506382024421,0.1243760716937723,4.20808131227484,1.0413384112854138,0.032113114530584144,0.9557518443850503,1.0865590255723243,3.083830787624952,0.7730590332528845,0.010204487174420676,0.7546025109045993,0.793627045038102,1.3200139621268179,1.085365376337041,0.0660521478974473,0.9134615880454254,1.1806105160526787
lv,ElasticNet,0.159550827060367,0.00892919460267802,0.1423705593178859,0.17636249019770156,5.596457735251731,1.0154099026708896,0.033669357719993964,0.9267235113881278,1.0651183106852917,3.3158390154982302,0.7376520294983073,0.010887173486045936,0.7162476930771434,0.7615430786505891,1.4759226641659933,1.0321342148089185,0.06755549470208783,0.8588164665595415,1.1344770157570896
lv,Decision Tree,0.6743806410243858,0.0363675534685609,0.6136751289200044,0.726159903504205,5.3927339037073345,0.6310042954024694,0.03890442787378166,0.5714920760363789,0.7059951511307764,6.165477502647982,0.374253088624567,0.015840091061712896,0.3468819257457933,0.4008105465883908,4.232454331887405,0.3996042975991438,0.04950167518110578,0.3266031929723703,0.4984291534201678
lv,Random Forest,0.8388591905042114,0.013755127103905874,0.8040134771146376,0.8552834275247836,1.639742075858775,0.4443220472773291,0.025163893917493362,0.39985619116258286,0.4883126940344567,5.663435805558172,0.2822731389657982,0.009967380259399966,0.26001169928925966,0.29856335398512346,3.531111850004145,0.1980236421759534,0.022456910453015188,0.15988497361104803,0.23844928715518895
lv,Extra Trees,0.8889897781598254,0.012699390560707055,0.8506103480319429,0.9072157067107726,1.4285193005249515,0.36862115537165663,0.025717266674124342,0.32177061107820276,0.4310060325097675,6.976611705368701,0.23826639537403488,0.009797075442659873,0.21572693359179956,0.25706121234550094,4.1118158636177995,0.13650986510246363,0.01926479446892262,0.10353632615364002,0.18576620005981076
lv,Gradient Boosting,0.6929614440595395,0.01736133096822149,0.6538390748832343,0.7325641725011689,2.505381954083119,0.6136298872296245,0.029528064096358567,0.5590593078710646,0.6775057653298333,4.8120316025788625,0.4290254216630161,0.012924787152526485,0.39871964625658285,0.4507083881848749,3.0125923779590003,0.37736994974225635,0.03641996691851165,0.31254730971727385,0.4590140620551631
lv,AdaBoost,0.2610760859120683,0.07780982922097004,0.07510347382139371,0.3385687623122692,29.8035068777524,0.949786974304371,0.032263366447342415,0.9048485071405074,1.0203550301492395,3.3969055504232704,0.8150974873409865,0.031197425053509798,0.7747133084715194,0.8705176606645739,3.8274470892165464,0.9030841751320416,0.06173111506105291,0.8187508208744049,1.0411243875508556
lv,Hist Gradient Boosting,0.821594316707276,0.017150318745630066,0.7890020611546908,0.8415463071846517,2.087443692936415,0.4674164233572811,0.02831463459839748,0.4142383357122208,0.5130727727328213,6.057689285931337,0.31240993248365734,0.011562230240643305,0.286443304243274,0.3314189070130065,3.700980358954543,0.2192397454299318,0.026541810890540828,0.17159339877363056,0.2632436701197453
lv,KNN,0.7956556676587501,0.022014967631845142,0.7564625480015688,0.8399748854502317,2.7668963506066766,0.5001293146069259,0.03375480297137639,0.4153050067617272,0.5603488158138769,6.749215050092756,0.304696688908418,0.013643441989740936,0.2682290792568938,0.331238385984035,4.477712586447473,0.2512117487166482,0.033290906556331185,0.1724782486413583,0.3139907953840141
lv,SVR,0.5092102126947428,0.0336916344398631,0.4568168560574848,0.5861235965970231,6.616449081326711,0.776042042762129,0.04663465668302511,0.6569275206926872,0.8411826577640259,6.009295130073189,0.45322506641717747,0.02024153340360656,0.4045212812808367,0.48490774630287753,4.466110747937969,0.6043073037781644,0.07093408947979839,0.43155376744344104,0.7075882637229504
lv,Bagging,0.8390439021567688,0.013501929836488546,0.8058848590864762,0.8551695228099013,1.609204214675982,0.4440646169793577,0.024628759227511735,0.3989641855233863,0.48597576942631115,5.546210683265629,0.28209982249390786,0.009769555954931319,0.2592432444996372,0.29644254664005815,3.463155654818712,0.19776963104505602,0.021958146029262434,0.15917242133033901,0.23617244846949514
lv,MLP Neural Network,0.7836709936462256,0.029391010776770303,0.6915368798809804,0.8118951531771343,3.750427285820707,0.5142622232379869,0.038639178448746474,0.442875969401305,0.6193337036063181,7.513516782442192,0.3480135775589457,0.0206748404441845,0.3062783663416826,0.39337512535557345,5.940814317993857,0.26588397105531136,0.040960152677561784,0.19613912427314567,0.3835742364227187
lv,XGBoost,0.8335800249053644,0.0144555883293825,0.808531659283637,0.8560144021253991,1.7341572371559204,0.45154588119652317,0.02616661751874838,0.3898405678156783,0.49664985660997696,5.794896733286793,0.29527735144053907,0.01179096224679274,0.2682305146904273,0.31686197898684276,3.9931820673916882,0.20454414010429844,0.023402097252098502,0.15197566831485046,0.2466610800707107
lv,LightGBM,0.8220847356171743,0.015160058863112485,0.7918205835442731,0.8442747923904916,1.8440993009961653,0.46692111196353336,0.027015175455982216,0.41300548295286094,0.5097615828579852,5.785811513721424,0.3117481236021806,0.010718102329846898,0.2831231632443283,0.32965875626988367,3.4380647447053074,0.21870865351693403,0.02522289620485647,0.1705735289491259,0.25985687135787855
